title,description

Realizar leitura do livro,ler 5 paginas
Cinco Estrofes de Poesia,Embelezar o dia com a leitura de 5 estrofes de poesia.
Explorar Cinco Ingredientes Novos,Aprender sobre culinária lendo 5 páginas de receitas.
Cinco Páginas de História Mundial,Conhecer eventos históricos lendo 5 páginas de um livro de história.
Descobrir Cinco Fatos Curiosos,Expandir o conhecimento lendo 5 páginas de um livro de curiosidades.
Investigar Cinco Mistérios Arqueológicos,Entrar no mundo da arqueologia lendo 5 páginas de um livro sobre o assunto.
Navegar por Cinco Itens de Moda,Explorar o mundo da moda lendo 5 páginas de uma revista ou livro sobre o tema.
Cinco Páginas de Psicologia,Entender a mente humana lendo 5 páginas de um livro de psicologia.
Cinco Páginas de Autoajuda,Buscar inspiração e motivação lendo 5 páginas de um livro de autoajuda.
Cinco Páginas de Ciência,Explorar os mistérios do universo lendo 5 páginas de um livro de ciência.
Desvendar Cinco Enigmas de Sherlock Holmes,Entrar no mundo da investigação lendo 5 páginas de um livro de mistério.
Cinco Páginas de Política,Entender os desafios políticos lendo 5 páginas de um livro sobre política.
Cinco Páginas de Ficção Científica,Explorar novos mundos lendo 5 páginas de um livro de ficção científica.